channelID,userChannelID,channelURL,timeShift,channelSDP,timeShiftURL,channelLogoStruct,channelPurchased,channelFECPort,channelType,channelName,group,timeShiftPublished,rtpAvailable,rtspAvailable
01010001000000050000000000000338,168,igmp://239.3.1.161:8001,True,,rtsp://61.135.88.136/PLTV/88888892/224/3221226087/10000100000000060000000000658473_0.smil,,True,0,1,南方卫视,无分类,False,False,False
01010001000000050000000000000346,321,igmp://239.3.1.165:8001,False,,rtsp://61.135.88.136/PLTV/88888892/224/3221226089/10000100000000060000000000659527_0.smil,,True,0,1,茶,体验频道,False,True,True
01010001000000050000000000000345,320,igmp://239.3.1.164:8001,False,,rtsp://61.135.88.136/PLTV/88888892/224/3221226074/10000100000000060000000000659528_0.smil,,True,0,1,快乐垂钓,无分类,False,True,True
00000001000000050000000000000580,17,igmp://239.3.1.151:8144,True,igmp://239.3.1.151:8144,rtsp://61.135.88.136/PLTV/88888892/224/3221226095/10000100000000060000000000705941_0.smil,"{'channelLogURL': None, 'positionX': 0, 'positionY': 0, 'interval': 0, 'beginTime': 'null', 'lasting': 'null'}",True,0,null,CCTV17-高清,CCTV频道,True,True,True
01010001000000050000000000000308,36,igmp://239.3.1.238:8001,True,igmp://239.3.1.238:8001,rtsp://61.135.88.136/PLTV/88888892/224/3221226053/10000100000000060000000000362332_0.smil,"{'channelLogURL': None, 'positionX': 0, 'positionY': 0, 'interval': 0, 'beginTime': 'null', 'lasting': 'null'}",True,0,null,淘Baby,无分类,False,True,True
01010001000000050000000000000014,40,igmp://239.3.1.249:8001,False,igmp://239.3.1.249:8001,rtsp://61.135.88.136/PLTV/88888892/224/3221225968/10000100000000060000000000157831_0.smil,,True,0,null,4K超清,无分类,False,True,False
00000001000000050000000000000558,522,igmp://239.3.1.247:2000,False,igmp://239.3.1.247:2000,rtsp://61.135.88.136/PLTV/88888892/224/3221226055/10000100000000060000000000364380_0.smil,"{'channelLogURL': None, 'positionX': 0, 'positionY': 0, 'interval': 0, 'beginTime': 'null', 'lasting': 'null'}",True,0,null,总平台测试1,无分类,False,False,False
00000001000000050000000000000560,523,igmp://239.3.1.248:2000,False,igmp://239.3.1.248:2000,rtsp://61.135.88.136/PLTV/88888892/224/3221226048/10000100000000060000000000364379_0.smil,"{'channelLogURL': None, 'positionX': 0, 'positionY': 0, 'interval': 0, 'beginTime': 'null', 'lasting': 'null'}",True,0,null,总平台测试2,无分类,False,False,False
00000001000000050000000000000533,324,igmp://239.3.1.66:8068,True,igmp://239.3.1.66:8068,rtsp://61.135.88.136/PLTV/88888892/224/3221226042/10000100000000060000000000285838_0.smil,,True,0,null,熊猫频道,无分类,False,False,False
00000001000000050000000000000500,352,igmp://239.3.1.68:4120,True,igmp://239.3.1.68:4120,rtsp://61.135.88.136/PLTV/88888892/224/3221226007/10000100000000060000000000285639_0.smil,,True,0,null,军旅剧场,无分类,False,True,False
00000001000000050000000000000503,356,igmp://239.3.1.72:4120,True,igmp://239.3.1.72:4120,rtsp://61.135.88.136/PLTV/88888892/224/3221226016/10000100000000060000000000285644_0.smil,,True,0,null,美妆,无分类,False,True,True
00000001000000050000000000000501,353,igmp://239.3.1.69:4120,True,igmp://239.3.1.69:4120,rtsp://61.135.88.136/PLTV/88888892/224/3221226012/10000100000000060000000000285640_0.smil,,True,0,null,古装剧场,无分类,False,True,False
00000001000000050000000000000502,354,igmp://239.3.1.70:4120,True,igmp://239.3.1.70:4120,rtsp://61.135.88.136/PLTV/88888892/224/3221226014/10000100000000060000000000285642_0.smil,,True,0,null,音乐现场,无分类,False,True,False
00000001000000050000000000000504,357,igmp://239.3.1.73:4120,True,igmp://239.3.1.73:4120,rtsp://61.135.88.136/PLTV/88888892/224/3221226011/10000100000000060000000000285645_0.smil,,True,0,null,美人,无分类,False,True,True
00000001000000050000000000000505,358,igmp://239.3.1.74:4120,True,igmp://239.3.1.74:4120,rtsp://61.135.88.136/PLTV/88888892/224/3221226018/10000100000000060000000000285646_0.smil,,True,0,null,精选,无分类,False,True,True
01010001000000050000000000000015,38,igmp://239.3.1.250:8001,True,igmp://239.3.1.250:8001,rtsp://61.135.88.136/PLTV/88888892/224/3221225965/10000100000000060000000000157832_0.smil,"{'channelLogURL': None, 'positionX': 0, 'positionY': 0, 'interval': 0, 'beginTime': 'null', 'lasting': 'null'}",True,0,null,淘电影,无分类,False,True,True
00000001000000050000000000000104,206,igmp://239.3.1.198:9004,True,igmp://239.3.1.198:9004,rtsp://61.135.88.136/PLTV/88888892/224/3221225854/10000100000000060000000000025081_0.smil,"{'channelLogURL': None, 'positionX': 0, 'positionY': 0, 'interval': 0, 'beginTime': 'null', 'lasting': 'null'}",True,0,null,IPTV3＋,无分类,False,False,False
00000001000000050000000000000521,372,igmp://239.3.1.88:4120,True,igmp://239.3.1.88:4120,rtsp://61.135.88.136/PLTV/88888892/224/3221226032/10000100000000060000000000285660_0.smil,,True,0,null,高网,无分类,False,True,True
00000001000000050000000000000105,208,igmp://239.3.1.200:9008,True,igmp://239.3.1.200:9008,rtsp://61.135.88.136/PLTV/88888892/224/3221225856/10000100000000060000000000025084_0.smil,"{'channelLogURL': None, 'positionX': 0, 'positionY': 0, 'interval': 0, 'beginTime': 'null', 'lasting': 'null'}",True,0,null,IPTV5＋,无分类,False,False,False
00000001000000050000000000000522,373,igmp://239.3.1.89:4120,True,igmp://239.3.1.89:4120,rtsp://61.135.88.136/PLTV/88888892/224/3221226027/10000100000000060000000000285661_0.smil,,True,0,null,足球,无分类,False,True,True
00000001000000050000000000000523,374,igmp://239.3.1.90:4120,True,igmp://239.3.1.90:4120,rtsp://61.135.88.136/PLTV/88888892/224/3221226041/10000100000000060000000000286228_0.smil,,True,0,null,武侠剧场,无分类,False,True,True
00000001000000050000000000000524,375,igmp://239.3.1.91:4120,True,igmp://239.3.1.91:4120,rtsp://61.135.88.136/PLTV/88888892/224/3221226044/10000100000000060000000000286227_0.smil,,True,0,null,喜剧影院,无分类,False,True,True
00000001000000050000000000000527,378,igmp://239.3.1.94:4120,True,igmp://239.3.1.94:4120,rtsp://61.135.88.136/PLTV/88888892/224/3221226029/10000100000000060000000000285686_0.smil,,True,0,null,星影,无分类,False,True,True
00000001000000050000000000000499,351,igmp://239.3.1.67:4120,True,igmp://239.3.1.67:4120,rtsp://61.135.88.136/PLTV/88888892/224/3221226037/10000100000000060000000000285839_0.smil,,True,0,null,城市剧场,无分类,False,True,False
00000001000000050000000000000266,48,igmp://239.3.1.141:1234,True,igmp://239.3.1.141:1234,rtsp://61.135.88.136/PLTV/88888892/224/3221225984/10000100000000060000000000176931_0.smil,"{'channelLogURL': None, 'positionX': 0, 'positionY': 0, 'interval': 0, 'beginTime': 'null', 'lasting': 'null'}",True,0,null,天津卫视高清,卫视频道,True,True,False
00000001000000050000000000000107,205,igmp://239.3.1.197:9016,True,igmp://239.3.1.197:9016,rtsp://61.135.88.136/PLTV/88888892/224/3221225852/10000100000000060000000000025080_0.smil,"{'channelLogURL': None, 'positionX': 0, 'positionY': 0, 'interval': 0, 'beginTime': 'null', 'lasting': 'null'}",True,0,null,IPTV6＋,无分类,False,False,False
00000001000000050000000000000472,51,igmp://239.3.1.210:8056,True,igmp://239.3.1.210:8056,rtsp://61.135.88.136/PLTV/88888892/224/3221226000/10000100000000060000000000205199_0.smil,"{'channelLogURL': None, 'positionX': 0, 'positionY': 0, 'interval': 0, 'beginTime': 'null', 'lasting': 'null'}",True,0,null,辽宁卫视高清,卫视频道,True,True,True
00000001000000050000000000000146,209,igmp://239.3.1.201:8072,True,igmp://239.3.1.201:8072,rtsp://61.135.88.136/PLTV/88888892/224/3221225861/10000100000000060000000000025085_0.smil,"{'channelLogURL': None, 'positionX': 0, 'positionY': 0, 'interval': 0, 'beginTime': 'null', 'lasting': 'null'}",True,0,null,IPTV8＋,无分类,False,False,False
00000001000000050000000000000470,50,igmp://239.3.1.209:8052,True,igmp://239.3.1.209:8052,rtsp://61.135.88.136/PLTV/88888892/224/3221226002/10000100000000060000000000205202_0.smil,"{'channelLogURL': None, 'positionX': 0, 'positionY': 0, 'interval': 0, 'beginTime': 'null', 'lasting': 'null'}",True,0,null,山东卫视高清,卫视频道,True,True,False
00005000000000000000000000000244,166,igmp://239.3.1.143:4120,True,igmp://239.3.1.143:4120,rtsp://61.135.88.136/PLTV/88888892/224/3221225990/10000100000000060000000000176937_0.smil,"{'channelLogURL': None, 'positionX': 0, 'positionY': 0, 'interval': 0, 'beginTime': 'null', 'lasting': 'null'}",True,0,null,厦门卫视,卫视频道,False,True,False
00000001000000050000000000000516,368,igmp://239.3.1.84:4120,True,igmp://239.3.1.84:4120,rtsp://61.135.88.136/PLTV/88888892/224/3221226028/10000100000000060000000000285656_0.smil,,True,0,null,光影,无分类,False,True,True
00000001000000050000000000000507,360,igmp://239.3.1.76:4120,True,igmp://239.3.1.76:4120,rtsp://61.135.88.136/PLTV/88888892/224/3221226020/10000100000000060000000000285648_0.smil,,True,0,null,军事,无分类,False,True,True
00000001000000050000000000000509,361,igmp://239.3.1.77:4120,True,igmp://239.3.1.77:4120,rtsp://61.135.88.136/PLTV/88888892/224/3221226015/10000100000000060000000000285649_0.smil,,True,0,null,国学,无分类,False,True,True
00000001000000050000000000000518,369,igmp://239.3.1.85:4120,True,igmp://239.3.1.85:4120,rtsp://61.135.88.136/PLTV/88888892/224/3221226023/10000100000000060000000000285657_0.smil,,True,0,null,台球,无分类,False,True,True
00000001000000050000000000000519,370,igmp://239.3.1.86:4120,True,igmp://239.3.1.86:4120,rtsp://61.135.88.136/PLTV/88888892/224/3221226030/10000100000000060000000000285658_0.smil,,True,0,null,爱生活,无分类,False,True,True
00000001000000050000000000000520,371,igmp://239.3.1.87:4120,True,igmp://239.3.1.87:4120,rtsp://61.135.88.136/PLTV/88888892/224/3221226025/10000100000000060000000000285659_0.smil,,True,0,null,武术,无分类,False,True,True
00000001000000050000000000000525,376,igmp://239.3.1.92:4120,True,igmp://239.3.1.92:4120,rtsp://61.135.88.136/PLTV/88888892/224/3221226039/10000100000000060000000000286226_0.smil,,True,0,null,动作影院,无分类,False,True,True
01010001000000050000000000000001,121,igmp://239.3.1.225:8000,False,igmp://239.3.1.225:8000,rtsp://61.135.88.136/PLTV/88888892/224/3221225814/10000100000000060000000000025042_0.smil,"{'channelLogURL': None, 'positionX': 0, 'positionY': 0, 'interval': 0, 'beginTime': 'null', 'lasting': 'null'}",True,0,null,BRTV北京卫视,BRTV频道,False,True,False
01010001000000050000000000000021,21,igmp://239.3.1.241:8000,True,igmp://239.3.1.241:8000,rtsp://61.135.88.136/PLTV/88888892/224/3221225870/10000100000000060000000000025099_0.smil,"{'channelLogURL': None, 'positionX': 0, 'positionY': 0, 'interval': 0, 'beginTime': 'null', 'lasting': 'null'}",True,0,null,BRTV北京卫视高清,BRTV频道,True,True,False
01010001000000050000000000000011,131,igmp://239.3.1.235:8000,True,igmp://239.3.1.235:8000,rtsp://61.135.88.136/PLTV/88888892/224/3221225804/10000100000000060000000000025033_0.smil,"{'channelLogURL': None, 'positionX': 0, 'positionY': 0, 'interval': 0, 'beginTime': 'null', 'lasting': 'null'}",True,0,null,BTV国际频道,BRTV频道,True,True,True
01010001000000050000000000000010,128,igmp://239.3.1.234:8000,False,igmp://239.3.1.234:8000,rtsp://61.135.88.136/PLTV/88888892/224/3221225879/10000100000000060000000000025505_0.smil,"{'channelLogURL': None, 'positionX': 0, 'positionY': 0, 'interval': 0, 'beginTime': 'null', 'lasting': 'null'}",True,0,null,BRTV卡酷少儿,BRTV频道,False,True,False
01010001000000050000000000000004,124,igmp://239.3.1.228:8000,False,igmp://239.3.1.228:8000,rtsp://61.135.88.136/PLTV/88888892/224/3221225813/10000100000000060000000000025038_0.smil,"{'channelLogURL': None, 'positionX': 0, 'positionY': 0, 'interval': 0, 'beginTime': 'null', 'lasting': 'null'}",True,0,null,BRTV影视,BRTV频道,False,True,False
01010001000000050000000000000019,26,igmp://239.3.1.243:8000,False,igmp://239.3.1.243:8000,rtsp://61.135.88.136/PLTV/88888892/224/3221225809/10000100000000060000000000025032_0.smil,"{'channelLogURL': None, 'positionX': 0, 'positionY': 0, 'interval': 0, 'beginTime': 'null', 'lasting': 'null'}",True,0,null,BRTV体育休闲高清,BRTV频道,False,True,False
00005000000000000000000000000248,139,igmp://239.3.1.52:4120,True,igmp://239.3.1.52:4120,rtsp://61.135.88.136/PLTV/88888892/224/3221226063/10000100000000060000000000384747_0.smil,,True,0,1,山东教育,卫视频道,False,True,True
01010001000000050000000000000322,301,igmp://239.3.1.96:8001,True,igmp://239.3.1.96:8001,rtsp://61.135.88.136/PLTV/88888892/224/3221226077/10000100000000060000000000405017_0.smil,,True,0,null,房山电视台,无分类,False,True,True
01010001000000050000000000000328,34,igmp://239.3.1.102:8001,True,igmp://239.3.1.102:8001,rtsp://61.135.88.136/PLTV/88888892/224/3221226071/10000100000000060000000000405011_0.smil,"{'channelLogURL': None, 'positionX': 0, 'positionY': 0, 'interval': 0, 'beginTime': 'null', 'lasting': 'null'}",True,0,null,萌宠TV,无分类,False,True,True
01010001000000050000000000000329,520,igmp://239.3.1.104:8001,False,igmp://239.3.1.104:8001,rtsp://61.135.88.136/PLTV/88888892/224/3221226058/10000100000000060000000000405010_0.smil,,True,0,null,4K测试,无分类,False,False,False
01010001000000050000000000000330,521,igmp://239.3.1.103:8001,False,igmp://239.3.1.103:8001,rtsp://61.135.88.136/PLTV/88888892/224/3221226069/10000100000000060000000000405009_0.smil,,True,0,null,高清测试,无分类,False,False,False
01010001000000050000000000000326,39,igmp://239.3.1.100:8001,True,igmp://239.3.1.100:8001,rtsp://61.135.88.136/PLTV/88888892/224/3221226073/10000100000000060000000000405013_0.smil,,True,0,null,淘娱乐,无分类,False,True,True
00000001000000050000000000000573,4,igmp://239.3.1.105:8092,True,igmp://239.3.1.105:8092,rtsp://61.135.88.136/PLTV/88888892/224/3221226081/10000100000000060000000000545704_0.smil,,True,0,1,CCTV-4高清,CCTV频道,True,True,True
00000001000000050000000000000589,163,igmp://239.3.1.155:4120,True,igmp://239.3.1.155:4120,rtsp://61.135.88.136/PLTV/88888892/224/3221226088/10000100000000060000000000793947_0.smil,,True,0,1,三沙卫视,卫视频道,True,True,True
00000001000000050000000000000568,76,igmp://239.3.1.57:8152,True,igmp://239.3.1.57:8152,rtsp://61.135.88.136/PLTV/88888892/224/3221226065/10000100000000060000000000384776_0.smil,,True,0,1,CETV1高清,卫视频道,True,True,True
00000001000000050000000000000569,77,igmp://239.3.1.58:8156,True,igmp://239.3.1.58:8156,rtsp://61.135.88.136/PLTV/88888892/224/3221226050/10000100000000060000000000384062_0.smil,,True,0,1,金鹰纪实高清,卫视频道,False,True,True
00005000000000000000000000000251,172,igmp://239.3.1.54:4120,True,igmp://239.3.1.54:4120,rtsp://61.135.88.136/PLTV/88888892/224/3221226067/10000100000000060000000000384778_0.smil,,True,0,1,CETV2,卫视频道,False,True,True
00005000000000000000000000000250,173,igmp://239.3.1.55:4120,True,igmp://239.3.1.55:4120,rtsp://61.135.88.136/PLTV/88888892/224/3221226056/10000100000000060000000000384779_0.smil,,True,0,1,CETV3,无分类,False,False,False
00005000000000000000000000000252,174,igmp://239.3.1.56:4120,True,igmp://239.3.1.56:4120,rtsp://61.135.88.136/PLTV/88888892/224/3221226054/10000100000000060000000000384777_0.smil,,True,0,1,CETV4,卫视频道,True,True,True
00000001000000050000000000000590,380,igmp://239.3.1.157:8176,False,igmp://239.3.1.157:8176,rtsp://61.135.88.136/PLTV/88888892/224/3221226103/10000100000000060000000000793948_0.smil,,True,0,1,体育赛事高清,无分类,False,False,False
00000001000000050000000000000588,56,igmp://239.3.1.156:8148,True,igmp://239.3.1.156:8148,rtsp://61.135.88.136/PLTV/88888892/224/3221226101/10000100000000060000000000793946_0.smil,,True,0,1,东南卫视高清,卫视频道,True,True,True
00000001000000050000000000000587,15,igmp://239.3.1.153:8136,True,igmp://239.3.1.153:8136,rtsp://61.135.88.136/PLTV/88888892/224/3221226099/10000100000000060000000000753287_0.smil,,True,0,1,CCTV-15高清,CCTV频道,True,True,True
00000001000000050000000000000583,11,igmp://239.3.1.152:8120,True,igmp://239.3.1.152:8120,rtsp://61.135.88.136/PLTV/88888892/224/3221226086/10000100000000060000000000753288_0.smil,,True,0,1,CCTV-11高清,CCTV频道,True,True,True
00000001000000050000000000000575,73,igmp://239.3.1.148:8072,True,igmp://239.3.1.148:8072,rtsp://61.135.88.136/PLTV/88888892/224/3221226082/10000100000000060000000000736149_0.smil,,True,0,1,河北卫视高清,卫视频道,True,True,True
00000001000000050000000000000577,55,igmp://239.3.1.149:8076,True,igmp://239.3.1.149:8076,rtsp://61.135.88.136/PLTV/88888892/224/3221226097/10000100000000060000000000736148_0.smil,,True,0,1,贵州卫视高清,卫视频道,True,True,True
01010001000000050000000000000364,24,igmp://239.3.1.158:8000,True,,rtsp://61.135.88.136/PLTV/88888892/224/3221226094/10000100000000060000000000804258_0.smil,"{'channelLogURL': None, 'positionX': 0, 'positionY': 0, 'interval': 0, 'beginTime': 'null', 'lasting': 'null'}",True,0,1,BRTV影视高清,BRTV频道,True,True,False
01010001000000050000000000000365,29,igmp://239.3.1.159:8000,True,,rtsp://61.135.88.136/PLTV/88888892/224/3221226092/10000100000000060000000000804251_0.smil,"{'channelLogURL': None, 'positionX': 0, 'positionY': 0, 'interval': 0, 'beginTime': 'null', 'lasting': 'null'}",True,0,1,BRTV新闻高清 ,BRTV频道,True,True,True
01010001000000050000000000000370,3,igmp://239.3.1.172:8001,True,igmp://239.3.1.172:8001,rtsp://61.135.88.136/PLTV/88888892/224/3221226100/10000100000000060000000000831268_0.smil,"{'channelLogURL': None, 'positionX': 0, 'positionY': 0, 'interval': 0, 'beginTime': 'null', 'lasting': 'null'}",True,0,1,CCTV-3高清,CCTV频道,True,True,True
01010001000000050000000000000371,5,igmp://239.3.1.173:8001,True,igmp://239.3.1.173:8001,rtsp://61.135.88.136/PLTV/88888892/224/3221226113/10000100000000060000000000831269_0.smil,"{'channelLogURL': None, 'positionX': 0, 'positionY': 0, 'interval': 0, 'beginTime': 'null', 'lasting': 'null'}",True,0,1,CCTV-5高清,CCTV频道,True,True,False
01010001000000050000000000000372,6,igmp://239.3.1.174:8001,False,igmp://239.3.1.174:8001,rtsp://61.135.88.136/PLTV/88888892/224/3221226102/10000100000000060000000000831270_0.smil,"{'channelLogURL': None, 'positionX': 0, 'positionY': 0, 'interval': 0, 'beginTime': 'null', 'lasting': 'null'}",True,0,1,CCTV-6高清,CCTV频道,False,True,True
01010001000000050000000000000375,8,igmp://239.3.1.175:8001,True,igmp://239.3.1.175:8001,rtsp://61.135.88.136/PLTV/88888892/224/3221226115/10000100000000060000000000831271_0.smil,"{'channelLogURL': None, 'positionX': 0, 'positionY': 0, 'interval': 0, 'beginTime': 'null', 'lasting': 'null'}",True,0,null,CCTV-8高清,CCTV频道,True,True,False
01010001000000050000000000000383,31,igmp://239.3.1.178:8001,True,,rtsp://61.135.88.136/PLTV/88888892/224/3221226112/10000100000000060000000000919741_0.smil,,True,0,1,淘精彩,无分类,False,False,False
01010001000000050000000000000397,28,igmp://239.3.1.189:8000,True,,rtsp://61.135.88.136/PLTV/88888892/224/3221226133/10000100000000060000000000943150_0.smil,"{'channelLogURL': None, 'positionX': 0, 'positionY': 0, 'interval': 0, 'beginTime': 'null', 'lasting': 'null'}",True,0,1,BRTV卡酷少儿高清,BRTV频道,False,True,False
01010001000000050000000000000384,19,igmp://239.3.1.179:8001,True,,rtsp://61.135.88.136/PLTV/88888892/224/3221226114/10000100000000060000000000930190_0.smil,"{'channelLogURL': None, 'positionX': 0, 'positionY': 0, 'interval': 0, 'beginTime': 'null', 'lasting': 'null'}",True,0,1,聚鲨环球精选,体验频道,True,True,True
00000001000000050000000000000545,401,igmp://239.3.1.236:2000,False,igmp://239.3.1.236:2000,rtsp://61.135.88.136/PLTV/88888892/224/3221226046/10000100000000060000000000323100_0.smil,"{'channelLogURL': None, 'positionX': 0, 'positionY': 0, 'interval': 0, 'beginTime': 'null', 'lasting': 'null'}",True,0,null,爱上4K,无分类,False,True,True
00000001000000050000000000000088,158,igmp://239.3.1.45:8304,True,igmp://239.3.1.45:8304,rtsp://61.135.88.136/PLTV/88888892/224/3221225842/10000100000000060000000000025071_0.smil,"{'channelLogURL': None, 'positionX': 0, 'positionY': 0, 'interval': 0, 'beginTime': 'null', 'lasting': 'null'}",True,0,null,海南卫视,卫视频道,False,True,True
00000001000000050000000000000096,157,igmp://239.3.1.44:8184,True,igmp://239.3.1.44:8184,rtsp://61.135.88.136/PLTV/88888892/224/3221225847/10000100000000060000000000025070_0.smil,"{'channelLogURL': None, 'positionX': 0, 'positionY': 0, 'interval': 0, 'beginTime': 'null', 'lasting': 'null'}",True,0,null,青海卫视,卫视频道,False,True,True
00000001000000050000000000000086,152,igmp://239.3.1.39:8300,True,igmp://239.3.1.39:8300,rtsp://61.135.88.136/PLTV/88888892/224/3221225840/10000100000000060000000000025069_0.smil,"{'channelLogURL': None, 'positionX': 0, 'positionY': 0, 'interval': 0, 'beginTime': 'null', 'lasting': 'null'}",True,0,null,广西卫视,卫视频道,True,True,True
00000001000000050000000000000098,156,igmp://239.3.1.43:8176,True,igmp://239.3.1.43:8176,rtsp://61.135.88.136/PLTV/88888892/224/3221225845/10000100000000060000000000025068_0.smil,"{'channelLogURL': None, 'positionX': 0, 'positionY': 0, 'interval': 0, 'beginTime': 'null', 'lasting': 'null'}",True,0,null,内蒙古卫视,卫视频道,True,True,True
00000001000000050000000000000511,363,igmp://239.3.1.79:4120,True,igmp://239.3.1.79:4120,rtsp://61.135.88.136/PLTV/88888892/224/3221226017/10000100000000060000000000285651_0.smil,,True,0,null,早教,无分类,False,True,True
00000001000000050000000000000506,359,igmp://239.3.1.75:4120,True,igmp://239.3.1.75:4120,rtsp://61.135.88.136/PLTV/88888892/224/3221226013/10000100000000060000000000285647_0.smil,,True,0,null,解密,无分类,False,True,True
00000001000000050000000000000267,47,igmp://239.3.1.138:8044,True,igmp://239.3.1.138:8044,rtsp://61.135.88.136/PLTV/88888892/224/3221225956/10000100000000060000000000146903_0.smil,"{'channelLogURL': None, 'positionX': 0, 'positionY': 0, 'interval': 0, 'beginTime': 'null', 'lasting': 'null'}",True,0,null,湖北卫视高清,卫视频道,True,True,False
01010001000000050000000000000009,129,igmp://239.3.1.233:8000,False,igmp://239.3.1.233:8000,rtsp://61.135.88.136/PLTV/88888892/224/3221225811/10000100000000060000000000025034_0.smil,"{'channelLogURL': None, 'positionX': 0, 'positionY': 0, 'interval': 0, 'beginTime': 'null', 'lasting': 'null'}",True,0,null,BRTV新闻,BRTV频道,False,True,False
00000001000000050000000000000099,155,igmp://239.3.1.42:8172,True,igmp://239.3.1.42:8172,rtsp://61.135.88.136/PLTV/88888892/224/3221225843/10000100000000060000000000025066_0.smil,"{'channelLogURL': None, 'positionX': 0, 'positionY': 0, 'interval': 0, 'beginTime': 'null', 'lasting': 'null'}",True,0,null,山西卫视,卫视频道,True,True,True
00000001000000050000000000000090,154,igmp://239.3.1.41:8140,True,igmp://239.3.1.41:8140,rtsp://61.135.88.136/PLTV/88888892/224/3221225836/10000100000000060000000000025065_0.smil,"{'channelLogURL': None, 'positionX': 0, 'positionY': 0, 'interval': 0, 'beginTime': 'null', 'lasting': 'null'}",True,0,null,陕西卫视,卫视频道,True,True,True
00000001000000050000000000000153,18,igmp://239.3.1.130:8004,True,igmp://239.3.1.130:8004,rtsp://61.135.88.136/PLTV/88888892/224/3221225819/10000100000000060000000000025043_0.smil,"{'channelLogURL': None, 'positionX': 0, 'positionY': 0, 'interval': 0, 'beginTime': 'null', 'lasting': 'null'}",True,0,null,CCTV-5+,CCTV频道,False,True,False
00000001000000050000000000000512,364,igmp://239.3.1.80:4120,True,igmp://239.3.1.80:4120,rtsp://61.135.88.136/PLTV/88888892/224/3221226024/10000100000000060000000000285652_0.smil,,True,0,null,动画,无分类,False,True,True
00000001000000050000000000000513,365,igmp://239.3.1.81:4120,True,igmp://239.3.1.81:4120,rtsp://61.135.88.136/PLTV/88888892/224/3221226019/10000100000000060000000000285653_0.smil,,True,0,null,好学生,无分类,False,True,True
00000001000000050000000000000069,142,igmp://239.3.1.29:8288,True,igmp://239.3.1.29:8288,rtsp://61.135.88.136/PLTV/88888892/224/3221225831/10000100000000060000000000025055_0.smil,"{'channelLogURL': None, 'positionX': 0, 'positionY': 0, 'interval': 0, 'beginTime': 'null', 'lasting': 'null'}",True,0,null,四川卫视,卫视频道,True,True,True
00000001000000050000000000000060,164,igmp://239.3.1.26:8108,True,igmp://239.3.1.26:8108,rtsp://61.135.88.136/PLTV/88888892/224/3221225827/10000100000000060000000000025051_0.smil,"{'channelLogURL': None, 'positionX': 0, 'positionY': 0, 'interval': 0, 'beginTime': 'null', 'lasting': 'null'}",True,0,null,云南卫视,卫视频道,True,True,True
00000001000000050000000000000106,204,igmp://239.3.1.196:9012,True,igmp://239.3.1.196:9012,rtsp://61.135.88.136/PLTV/88888892/224/3221225850/10000100000000060000000000025079_0.smil,"{'channelLogURL': None, 'positionX': 0, 'positionY': 0, 'interval': 0, 'beginTime': 'null', 'lasting': 'null'}",True,0,null,魅力时尚,无分类,False,True,True
00000001000000050000000000000108,202,igmp://239.3.1.194:9020,True,igmp://239.3.1.194:9020,rtsp://61.135.88.136/PLTV/88888892/224/3221225855/10000100000000060000000000025078_0.smil,"{'channelLogURL': None, 'positionX': 0, 'positionY': 0, 'interval': 0, 'beginTime': 'null', 'lasting': 'null'}",True,0,null,热播剧场,无分类,False,True,True
00000001000000050000000000000151,169,igmp://239.3.1.51:9252,True,igmp://239.3.1.51:9252,rtsp://61.135.88.136/PLTV/88888892/224/3221225846/10000100000000060000000000025075_0.smil,"{'channelLogURL': None, 'positionX': 0, 'positionY': 0, 'interval': 0, 'beginTime': 'null', 'lasting': 'null'}",True,0,null,金鹰卡通,卫视频道,True,True,True
00000001000000050000000000000110,201,igmp://239.3.1.193:8012,True,igmp://239.3.1.193:8012,rtsp://61.135.88.136/PLTV/88888892/224/3221225853/10000100000000060000000000025076_0.smil,"{'channelLogURL': None, 'positionX': 0, 'positionY': 0, 'interval': 0, 'beginTime': 'null', 'lasting': 'null'}",True,0,null,收视指南,无分类,False,True,True
00000001000000050000000000000198,44,igmp://239.3.1.135:8028,True,igmp://239.3.1.135:8028,rtsp://61.135.88.136/PLTV/88888892/224/3221225881/10000100000000060000000000025507_0.smil,"{'channelLogURL': None, 'positionX': 0, 'positionY': 0, 'interval': 0, 'beginTime': 'null', 'lasting': 'null'}",True,0,null,江苏卫视高清,卫视频道,True,True,False
00005000000000000000000000000263,45,igmp://239.3.1.136:8032,True,igmp://239.3.1.136:8032,rtsp://61.135.88.136/PLTV/88888892/224/3221225883/10000100000000060000000000025534_0.smil,"{'channelLogURL': None, 'positionX': 0, 'positionY': 0, 'interval': 0, 'beginTime': 'null', 'lasting': 'null'}",True,0,null,东方卫视高清,卫视频道,True,True,False
00000001000000050000000000000152,1,igmp://239.3.1.129:8008,True,igmp://239.3.1.129:8008,rtsp://61.135.88.136/PLTV/88888892/224/3221225880/10000100000000060000000000025506_0.smil,"{'channelLogURL': None, 'positionX': 0, 'positionY': 0, 'interval': 0, 'beginTime': 'null', 'lasting': 'null'}",True,0,null,CCTV-1高清,CCTV频道,True,True,False
00000001000000050000000000000473,52,igmp://239.3.1.211:8064,True,igmp://239.3.1.211:8064,rtsp://61.135.88.136/PLTV/88888892/224/3221225999/10000100000000060000000000205203_0.smil,"{'channelLogURL': None, 'positionX': 0, 'positionY': 0, 'interval': 0, 'beginTime': 'null', 'lasting': 'null'}",True,0,null,安徽卫视高清,卫视频道,True,True,False
00000001000000050000000000000514,366,igmp://239.3.1.82:4120,True,igmp://239.3.1.82:4120,rtsp://61.135.88.136/PLTV/88888892/224/3221226026/10000100000000060000000000285654_0.smil,,True,0,null,鉴赏,无分类,False,True,True
00000001000000050000000000000515,367,igmp://239.3.1.83:4120,True,igmp://239.3.1.83:4120,rtsp://61.135.88.136/PLTV/88888892/224/3221226021/10000100000000060000000000285655_0.smil,,True,0,null,墨宝,无分类,False,True,True
00000001000000050000000000000526,377,igmp://239.3.1.93:4120,True,igmp://239.3.1.93:4120,rtsp://61.135.88.136/PLTV/88888892/224/3221226034/10000100000000060000000000285685_0.smil,,True,0,null,家庭影院,无分类,False,True,True
00000001100000051406111514059258,75,igmp://239.3.1.212:8060,True,igmp://239.3.1.212:8060,rtsp://61.135.88.136/PLTV/88888892/224/3221226004/10000100000000060000000000205204_0.smil,"{'channelLogURL': None, 'positionX': 0, 'positionY': 0, 'interval': 0, 'beginTime': 'null', 'lasting': 'null'}",True,0,null,纪实频道HD,无分类,False,False,False
00000001000000050000000000000498,355,igmp://239.3.1.71:4120,False,igmp://239.3.1.71:4120,rtsp://61.135.88.136/PLTV/88888892/224/3221226043/10000100000000060000000000286229_0.smil,,True,0,null,地理,无分类,False,True,False
00000001000000050000000000000265,46,igmp://239.3.1.137:8036,True,igmp://239.3.1.137:8036,rtsp://61.135.88.136/PLTV/88888892/224/3221225957/10000100000000060000000000146902_0.smil,"{'channelLogURL': None, 'positionX': 0, 'positionY': 0, 'interval': 0, 'beginTime': 'null', 'lasting': 'null'}",True,0,null,浙江卫视高清,卫视频道,True,True,False
00000001000000050000000000000483,14,igmp://239.3.1.65:8132,True,igmp://239.3.1.65:8132,rtsp://61.135.88.136/PLTV/88888892/224/3221226035/10000100000000060000000000285837_0.smil,,True,0,null,CCTV-14高清,CCTV频道,True,True,False
00000001000000050000000000000482,12,igmp://239.3.1.64:8124,True,igmp://239.3.1.64:8124,rtsp://61.135.88.136/PLTV/88888892/224/3221226040/10000100000000060000000000285836_0.smil,,True,0,null,CCTV-12高清,CCTV频道,True,True,True
01010001000000050000000000000017,37,igmp://239.3.1.95:8001,True,igmp://239.3.1.95:8001,rtsp://61.135.88.136/PLTV/88888892/224/3221226005/10000100000000060000000000285122_0.smil,"{'channelLogURL': None, 'positionX': 0, 'positionY': 0, 'interval': 0, 'beginTime': 'null', 'lasting': 'null'}",True,0,null,淘剧场,无分类,False,True,False
00000001000000050000000000000445,72,igmp://239.3.1.142:8048,True,igmp://239.3.1.142:8048,rtsp://61.135.88.136/PLTV/88888892/224/3221225983/10000100000000060000000000176932_0.smil,"{'channelLogURL': None, 'positionX': 0, 'positionY': 0, 'interval': 0, 'beginTime': 'null', 'lasting': 'null'}",True,0,null,广东卫视高清,卫视频道,True,True,True
00000001000000050000000000000448,170,igmp://239.3.1.147:9268,True,igmp://239.3.1.147:9268,rtsp://61.135.88.136/PLTV/88888892/224/3221225986/10000100000000060000000000176933_0.smil,"{'channelLogURL': None, 'positionX': 0, 'positionY': 0, 'interval': 0, 'beginTime': 'null', 'lasting': 'null'}",True,0,null,嘉佳卡通,卫视频道,True,True,False
00000001000000050000000000000195,41,igmp://239.3.1.132:8012,True,igmp://239.3.1.132:8012,rtsp://61.135.88.136/PLTV/88888892/224/3221225871/10000100000000060000000000025095_0.smil,"{'channelLogURL': None, 'positionX': 0, 'positionY': 0, 'interval': 0, 'beginTime': 'null', 'lasting': 'null'}",True,0,null,湖南卫视高清,卫视频道,True,True,False
00000001000000050000000000000103,207,igmp://239.3.1.199:9000,True,igmp://239.3.1.199:9000,rtsp://61.135.88.136/PLTV/88888892/224/3221225859/10000100000000060000000000025083_0.smil,"{'channelLogURL': None, 'positionX': 0, 'positionY': 0, 'interval': 0, 'beginTime': 'null', 'lasting': 'null'}",True,0,null,少儿动画,无分类,False,True,True
01010001000000050000000000000020,22,igmp://239.3.1.242:8000,True,igmp://239.3.1.242:8000,rtsp://61.135.88.136/PLTV/88888892/224/3221225868/10000100000000060000000000025097_0.smil,"{'channelLogURL': None, 'positionX': 0, 'positionY': 0, 'interval': 0, 'beginTime': 'null', 'lasting': 'null'}",True,0,null,BRTV文艺高清,BRTV频道,True,True,True
01010001000000050000000000000003,123,igmp://239.3.1.227:8000,False,igmp://239.3.1.227:8000,rtsp://61.135.88.136/PLTV/88888892/224/3221225812/10000100000000060000000000025040_0.smil,"{'channelLogURL': None, 'positionX': 0, 'positionY': 0, 'interval': 0, 'beginTime': 'null', 'lasting': 'null'}",True,0,null,BRTV纪实科教,BRTV频道,False,True,False
01010001000000050000000000000007,127,igmp://239.3.1.231:8000,False,igmp://239.3.1.231:8000,rtsp://61.135.88.136/PLTV/88888892/224/3221225815/10000100000000060000000000025039_0.smil,"{'channelLogURL': None, 'positionX': 0, 'positionY': 0, 'interval': 0, 'beginTime': 'null', 'lasting': 'null'}",True,0,null,BRTV生活,BRTV频道,False,True,False
01010001000000050000000000000018,505,igmp://239.3.1.253:8001,False,igmp://239.3.1.253:8001,rtsp://61.135.88.136/PLTV/88888892/224/3221225966/10000100000000060000000000157829_0.smil,"{'channelLogURL': None, 'positionX': 0, 'positionY': 0, 'interval': 0, 'beginTime': 'null', 'lasting': 'null'}",True,0,null,轮播频道5,无分类,False,False,False
01010001000000050000000000000005,125,igmp://239.3.1.229:8000,False,igmp://239.3.1.229:8000,rtsp://61.135.88.136/PLTV/88888892/224/3221225810/10000100000000060000000000025037_0.smil,"{'channelLogURL': None, 'positionX': 0, 'positionY': 0, 'interval': 0, 'beginTime': 'null', 'lasting': 'null'}",True,0,null,BRTV财经,BRTV频道,False,True,False
01010001000000050000000000000127,502,igmp://239.3.1.140:8001,True,igmp://239.3.1.140:8001,rtsp://61.135.88.136/PLTV/88888892/224/3221225893/10000100000000060000000000146741_0.smil,"{'channelLogURL': None, 'positionX': 0, 'positionY': 0, 'interval': 0, 'beginTime': 'null', 'lasting': 'null'}",True,0,null,VBR测试-2,无分类,False,True,True
01010001000000050000000000000006,126,igmp://239.3.1.230:8000,False,igmp://239.3.1.230:8000,rtsp://61.135.88.136/PLTV/88888892/224/3221225806/10000100000000060000000000025035_0.smil,"{'channelLogURL': None, 'positionX': 0, 'positionY': 0, 'interval': 0, 'beginTime': 'null', 'lasting': 'null'}",True,0,null,BRTV体育休闲,无分类,False,False,False
01010001000000050000000000000002,122,igmp://239.3.1.226:8000,False,igmp://239.3.1.226:8000,rtsp://61.135.88.136/PLTV/88888892/224/3221225817/10000100000000060000000000025041_0.smil,"{'channelLogURL': None, 'positionX': 0, 'positionY': 0, 'interval': 0, 'beginTime': 'null', 'lasting': 'null'}",True,0,null,BRTV文艺,BRTV频道,False,True,False
00000001000000050000000000000477,2,igmp://239.3.1.60:8084,True,igmp://239.3.1.60:8084,rtsp://61.135.88.136/PLTV/88888892/224/3221226036/10000100000000060000000000285832_0.smil,,True,0,null,CCTV-2高清,CCTV频道,True,True,True
00000001000000050000000000000478,9,igmp://239.3.1.62:8112,True,igmp://239.3.1.62:8112,rtsp://61.135.88.136/PLTV/88888892/224/3221226038/10000100000000060000000000285834_0.smil,,True,0,null,CCTV-9高清,CCTV频道,True,True,True
00000001000000050000000000000485,7,igmp://239.3.1.61:8104,True,igmp://239.3.1.61:8104,rtsp://61.135.88.136/PLTV/88888892/224/3221226031/10000100000000060000000000285833_0.smil,,True,0,null,CCTV-7高清,CCTV频道,True,True,True
00000001000000050000000000000197,74,igmp://239.3.1.134:8020,True,igmp://239.3.1.134:8020,rtsp://61.135.88.136/PLTV/88888892/224/3221225869/10000100000000060000000000025093_0.smil,"{'channelLogURL': None, 'positionX': 0, 'positionY': 0, 'interval': 0, 'beginTime': 'null', 'lasting': 'null'}",True,0,null,深圳卫视高清,卫视频道,True,True,True
00000001000000050000000000000196,53,igmp://239.3.1.133:8016,True,igmp://239.3.1.133:8016,rtsp://61.135.88.136/PLTV/88888892/224/3221225864/10000100000000060000000000025092_0.smil,"{'channelLogURL': None, 'positionX': 0, 'positionY': 0, 'interval': 0, 'beginTime': 'null', 'lasting': 'null'}",True,0,null,黑龙江卫视高清,卫视频道,False,True,True
00000001000000050000000000000480,10,igmp://239.3.1.63:8116,True,igmp://239.3.1.63:8116,rtsp://61.135.88.136/PLTV/88888892/224/3221226033/10000100000000060000000000285835_0.smil,,True,0,null,CCTV-10高清,CCTV频道,True,True,False
00000001000000050000000000000109,203,igmp://239.3.1.195:9024,True,igmp://239.3.1.195:9024,rtsp://61.135.88.136/PLTV/88888892/224/3221225857/10000100000000060000000000025082_0.smil,"{'channelLogURL': None, 'positionX': 0, 'positionY': 0, 'interval': 0, 'beginTime': 'null', 'lasting': 'null'}",True,0,null,经典电影,无分类,False,True,True
01010001000000050000000000000126,515,igmp://239.3.1.139:8001,False,igmp://239.3.1.139:8001,rtsp://61.135.88.136/PLTV/88888892/224/3221225892/10000100000000060000000000146742_0.smil,"{'channelLogURL': None, 'positionX': 0, 'positionY': 0, 'interval': 0, 'beginTime': 'null', 'lasting': 'null'}",True,0,null,VBR测试-1,无分类,False,True,False
00000001000000050000000000000510,362,igmp://239.3.1.78:4120,True,igmp://239.3.1.78:4120,rtsp://61.135.88.136/PLTV/88888892/224/3221226022/10000100000000060000000000285650_0.smil,,True,0,null,戏曲,无分类,False,True,True
00000001000000050000000000000546,379,igmp://239.3.1.237:4120,True,igmp://239.3.1.237:4120,rtsp://61.135.88.136/PLTV/88888892/224/3221226051/10000100000000060000000000332895_0.smil,"{'channelLogURL': None, 'positionX': 0, 'positionY': 0, 'interval': 0, 'beginTime': 'null', 'lasting': 'null'}",True,0,null,IPTV5＋高清,无分类,False,False,False
00000001000000050000000000000615,345,igmp://239.3.1.217:4220,True,igmp://239.3.1.217:4220,rtsp://61.135.88.136/PLTV/88888892/224/3221226140/10000100000000060000000001154848_0.smil,,True,0,null,CGTN西班牙语,CCTV频道,True,True,True
00000001000000050000000000000613,343,igmp://239.3.1.215:4220,True,igmp://239.3.1.215:4220,rtsp://61.135.88.136/PLTV/88888892/224/3221226151/10000100000000060000000001154843_0.smil,,True,0,null,CGTN英语,CCTV频道,True,True,True
00000001000000050000000000000612,342,igmp://239.3.1.214:4220,True,igmp://239.3.1.214:4220,rtsp://61.135.88.136/PLTV/88888892/224/3221226149/10000100000000060000000001154841_0.smil,"{'channelLogURL': None, 'positionX': 0, 'positionY': 0, 'interval': 0, 'beginTime': 'null', 'lasting': 'null'}",True,0,null,CCTV-4美洲高清,CCTV频道,True,True,True
00000001000000050000000000000611,341,igmp://239.3.1.213:4220,True,igmp://239.3.1.213:4220,rtsp://61.135.88.136/PLTV/88888892/224/3221226138/10000100000000060000000001154838_0.smil,"{'channelLogURL': None, 'positionX': 0, 'positionY': 0, 'interval': 0, 'beginTime': 'null', 'lasting': 'null'}",True,0,null,CCTV-4欧洲高清,CCTV频道,True,True,True
00000001000000050000000000000618,348,igmp://239.3.1.220:4220,True,igmp://239.3.1.220:4220,rtsp://61.135.88.136/PLTV/88888892/224/3221226144/10000100000000060000000001154854_0.smil,,True,0,null,CGTN俄语,CCTV频道,True,True,True
00000001000000050000000000000617,347,igmp://239.3.1.219:4220,True,igmp://239.3.1.219:4220,rtsp://61.135.88.136/PLTV/88888892/224/3221226155/10000100000000060000000001154853_0.smil,,True,0,null,CGTN阿拉伯语,CCTV频道,True,True,True
00000001000000050000000000000616,346,igmp://239.3.1.218:4220,True,igmp://239.3.1.218:4220,rtsp://61.135.88.136/PLTV/88888892/224/3221226142/10000100000000060000000001154852_0.smil,,True,0,null,CGTN法语,CCTV频道,True,True,True
00000001000000050000000000000614,344,igmp://239.3.1.216:4220,True,igmp://239.3.1.216:4220,rtsp://61.135.88.136/PLTV/88888892/224/3221226153/10000100000000060000000001154845_0.smil,,True,0,null,CGTN英文纪录,CCTV频道,True,True,True
01010001000000050000000000000407,23,igmp://239.3.1.115:8000,True,,rtsp://61.135.88.136/PLTV/88888892/224/3221226143/10000100000000060000000001010594_0.smil,"{'channelLogURL': None, 'positionX': 0, 'positionY': 0, 'interval': 0, 'beginTime': 'null', 'lasting': 'null'}",True,0,1,BRTV纪实科教高清,BRTV频道,True,True,True
01010001000000050000000000000408,25,igmp://239.3.1.116:8000,True,,rtsp://61.135.88.136/PLTV/88888892/224/3221226134/10000100000000060000000001010593_0.smil,"{'channelLogURL': None, 'positionX': 0, 'positionY': 0, 'interval': 0, 'beginTime': 'null', 'lasting': 'null'}",True,0,1,BRTV财经高清,BRTV频道,True,True,True
01010001000000050000000000000409,27,igmp://239.3.1.117:8000,True,,rtsp://61.135.88.136/PLTV/88888892/224/3221226141/10000100000000060000000001010592_0.smil,"{'channelLogURL': None, 'positionX': 0, 'positionY': 0, 'interval': 0, 'beginTime': 'null', 'lasting': 'null'}",True,0,1,BRTV生活高清,BRTV频道,True,True,True
01010001000000050000000000000412,403,igmp://239.3.1.120:8000,False,,rtsp://61.135.88.136/PLTV/88888892/224/3221226137/10000100000000060000000001010588_0.smil,"{'channelLogURL': None, 'positionX': 0, 'positionY': 0, 'interval': 0, 'beginTime': 'null', 'lasting': 'null'}",True,0,1,BRTV体育休闲4K HDR,无分类,False,False,False
01010001000000050000000000000413,404,igmp://239.3.1.121:8000,False,,rtsp://61.135.88.136/PLTV/88888892/224/3221226130/10000100000000060000000001010587_0.smil,"{'channelLogURL': None, 'positionX': 0, 'positionY': 0, 'interval': 0, 'beginTime': 'null', 'lasting': 'null'}",True,0,1,BRTV体育休闲4K SDR,无分类,False,False,False
00000001000000050000000000000602,13,igmp://239.3.1.124:8128,True,igmp://239.3.1.124:8128,rtsp://61.135.88.136/PLTV/88888892/224/3221226145/10000100000000060000000001103864_0.smil,,True,0,1,CCTV-13高清,CCTV频道,True,True,False
00000001000000050000000000000609,57,igmp://239.3.1.122:8160,True,igmp://239.3.1.122:8160,rtsp://61.135.88.136/PLTV/88888892/224/3221226147/10000100000000060000000001103866_0.smil,"{'channelLogURL': None, 'positionX': 0, 'positionY': 0, 'interval': 0, 'beginTime': 'null', 'lasting': 'null'}",True,0,1,重庆卫视高清,卫视频道,True,True,True
00000001000000050000000000000608,58,igmp://239.3.1.123:8164,True,igmp://239.3.1.123:8164,rtsp://61.135.88.136/PLTV/88888892/224/3221226136/10000100000000060000000001103865_0.smil,"{'channelLogURL': None, 'positionX': 0, 'positionY': 0, 'interval': 0, 'beginTime': 'null', 'lasting': 'null'}",True,0,1,江西卫视高清,卫视频道,True,True,True
00000001000000050000000000000606,85,igmp://239.3.1.245:2000,False,,rtsp://61.135.88.136/PLTV/88888892/224/3221226172/10000100000000060000000001785134_0.smil,,True,0,1,CCTV4K超高清,CCTV频道,False,True,True
01010001000000050000000000000465,49,igmp://239.3.1.160:8001,True,igmp://239.3.1.160:8001,rtsp://61.135.88.136/PLTV/88888892/224/3221226166/10000100000000060000000001476155_0.smil,,True,0,1,聚鲨环球,体验频道,True,True,False
00000001000000050000000000000619,78,igmp://239.3.1.240:8172,True,,rtsp://61.135.88.136/PLTV/88888892/224/3221226161/10000100000000060000000001233339_0.smil,,True,0,1,吉林卫视高清,卫视频道,False,True,True
01010001000000050000000000000455,60,igmp://239.3.1.190:8001,True,,rtsp://61.135.88.136/PLTV/88888892/224/3221226171/10000100000000060000000001311653_0.smil,,True,0,1,优购物精选,无分类,False,False,False
01010001000000050000000000000456,61,igmp://239.3.1.191:8001,True,,rtsp://61.135.88.136/PLTV/88888892/224/3221226169/10000100000000060000000001311650_0.smil,"{'channelLogURL': None, 'positionX': 0, 'positionY': 0, 'interval': 0, 'beginTime': 'null', 'lasting': 'null'}",True,0,1,时尚购物精选,无分类,False,False,False
01010001000000050000000000000457,79,igmp://239.3.1.188:8001,True,igmp://239.3.1.188:8001,rtsp://61.135.88.136/PLTV/88888892/224/3221226173/10000100000000060000000001341044_0.smil,"{'channelLogURL': None, 'positionX': 0, 'positionY': 0, 'interval': 0, 'beginTime': 'null', 'lasting': 'null'}",True,0,1,中国交通,卫视频道,True,True,False
00000001000000050000000000000631,59,igmp://239.3.1.50:8184,True,,rtsp://61.135.88.136/PLTV/88888892/224/3221226189/382569577.smil,,True,0,1,河南卫视高清,卫视频道,True,True,False
01010001000000050000000000000438,43,igmp://239.3.1.223:8001,True,,rtsp://61.135.88.136/PLTV/88888892/224/3221226159/10000100000000060000000001189974_0.smil,,True,0,1,央广购物精选,体验频道,False,True,True
01010001000000050000000000000437,20,igmp://239.3.1.222:8001,True,,rtsp://61.135.88.136/PLTV/88888892/224/3221226146/10000100000000060000000001189968_0.smil,"{'channelLogURL': None, 'positionX': 0, 'positionY': 0, 'interval': 0, 'beginTime': 'null', 'lasting': 'null'}",True,0,1,央广购物,体验频道,False,True,True
01010001000000050000000000000389,16,igmp://239.3.1.184:8001,True,igmp://239.3.1.184:8001,rtsp://61.135.88.136/PLTV/88888892/224/3221226148/10000100000000060000000001234273_0.smil,,True,0,null,CCTV-16高清,CCTV频道,False,True,True
01010001000000050000000000000442,33,igmp://239.3.1.181:8001,True,igmp://239.3.1.181:8001,rtsp://61.135.88.136/PLTV/88888892/224/3221226165/10000100000000060000000001234687_0.smil,,True,0,null,时尚购物,无分类,False,False,False
01010001000000050000000000000443,42,igmp://239.3.1.185:8001,True,igmp://239.3.1.185:8001,rtsp://61.135.88.136/PLTV/88888892/224/3221226154/10000100000000060000000001234688_0.smil,"{'channelLogURL': None, 'positionX': 0, 'positionY': 0, 'interval': 0, 'beginTime': 'null', 'lasting': 'null'}",True,0,1,家有购物,体验频道,True,True,True
01010001000000050000000000000388,498,igmp://239.3.1.183:8001,True,igmp://239.3.1.183:8001,rtsp://61.135.88.136/PLTV/88888892/224/3221226150/10000100000000060000000001234274_0.smil,,True,0,1,CCTV-16 4K,无分类,False,False,False
01010001000000050000000000000441,32,igmp://239.3.1.180:8001,True,igmp://239.3.1.180:8001,rtsp://61.135.88.136/PLTV/88888892/224/3221226152/10000100000000060000000001234685_0.smil,,True,0,1,优购物,体验频道,True,True,True
01010001000000050000000000000460,66,igmp://239.3.1.125:8001,True,igmp://239.3.1.125:8001,rtsp://61.135.88.136/PLTV/88888892/224/3221226160/10000100000000060000000001464323_0.smil,,True,0,1,睛彩竞技,体验频道,False,True,True
01010001000000050000000000000461,67,igmp://239.3.1.126:8001,True,igmp://239.3.1.126:8001,rtsp://61.135.88.136/PLTV/88888892/224/3221226162/10000100000000060000000001464344_0.smil,,True,0,1,睛彩篮球,体验频道,False,True,True
01010001000000050000000000000462,68,igmp://239.3.1.127:8001,True,igmp://239.3.1.127:8001,rtsp://61.135.88.136/PLTV/88888892/224/3221226175/10000100000000060000000001464349_0.smil,,True,0,1,睛彩羽毛球,体验频道,False,True,False
01010001000000050000000000000463,69,igmp://239.3.1.128:8001,True,igmp://239.3.1.128:8001,rtsp://61.135.88.136/PLTV/88888892/224/3221226164/10000100000000060000000001464351_0.smil,,True,0,1,睛彩广场舞,体验频道,False,True,True
01010001000000050000000000000468,30,igmp://239.3.1.186:8001,True,igmp://239.3.1.186:8001,rtsp://61.135.88.136/PLTV/88888892/224/3221226168/10000100000000060000000001558173_0.smil,"{'channelLogURL': None, 'positionX': 0, 'positionY': 0, 'interval': 0, 'beginTime': 'null', 'lasting': 'null'}",True,0,1,家有购物精选,体验频道,True,True,True
01010001000000050000000000004491,81,igmp://239.3.1.22:8001,False,igmp://239.3.1.22:8001,rtsp://61.135.88.136/PLTV/88888892/224/3221226182/390398577.smil,"{'channelLogURL': None, 'positionX': 0, 'positionY': 0, 'interval': 0, 'beginTime': 'null', 'lasting': 'null'}",True,0,1,BRTV北京卫视超高清SDR,BRTV频道,False,True,False
01010001000000050000000000005492,421,igmp://239.3.1.118:8001,False,igmp://239.3.1.118:8001,rtsp://61.135.88.136/PLTV/88888892/224/3221226184/391328653.smil,"{'channelLogURL': None, 'positionX': 0, 'positionY': 0, 'interval': 0, 'beginTime': 'null', 'lasting': 'null'}",True,0,1,BRTV北京卫视超高清HDR,BRTV频道,False,True,False
00000001000000050000000000000603,62,igmp://239.3.1.201:8180,True,,rtsp://61.135.88.136/PLTV/88888892/224/3221226197/397709753.smil,,True,0,1,甘肃卫视高清,卫视频道,True,True,False
00000001000000050000000000000639,63,igmp://239.3.1.166:8188,True,,rtsp://61.135.88.136/PLTV/88888892/224/3221226192/400975121.smil,,True,0,1,西藏卫视高清,卫视频道,True,True,False
00000001000000050000000000000640,71,igmp://239.3.1.169:8212,False,,rtsp://61.135.88.136/PLTV/88888892/224/3221226190/400975111.smil,,True,0,1,宁夏卫视高清,卫视频道,False,True,False
00000001000000050000000000000641,64,igmp://239.3.1.167:8192,True,,rtsp://61.135.88.136/PLTV/88888892/224/3221226201/400975092.smil,,True,0,1,新疆卫视高清,卫视频道,True,True,False
00000001000000050000000000000642,65,igmp://239.3.1.168:8196,True,,rtsp://61.135.88.136/PLTV/88888892/224/3221226199/400975082.smil,,True,0,1,兵团卫视高清,卫视频道,True,True,False
00000001000000050000000000000645,405,igmp://239.3.1.112:3002,False,,rtsp://61.135.88.136/PLTV/88888892/224/3221226202/403519084.smil,,True,0,1,湖南卫视4K超高清,超高清频道,False,True,False
00000001000000050000000000000648,407,igmp://239.3.1.113:3003,False,,rtsp://61.135.88.136/PLTV/88888892/224/3221226207/403519600.smil,,True,0,1,江苏卫视4K超高清,超高清频道,False,True,False
00000001000000050000000000000650,410,igmp://239.3.1.114:3004,False,,rtsp://61.135.88.136/PLTV/88888892/224/3221226209/403519959.smil,,True,0,1,浙江卫视4K超高清,超高清频道,False,True,False
00000001000000050000000000000654,409,igmp://239.3.1.119:3006,False,,rtsp://61.135.88.136/PLTV/88888892/224/3221226211/403519965.smil,,True,0,1,东方卫视4K超高清,超高清频道,False,True,False
00000001000000050000000000000643,412,igmp://239.3.1.131:3001,False,,rtsp://61.135.88.136/PLTV/88888892/224/3221226204/403519606.smil,,True,0,1,四川卫视4K超高清,超高清频道,False,True,False
00000001000000050000000000000652,411,igmp://239.3.1.144:3005,False,,rtsp://61.135.88.136/PLTV/88888892/224/3221226206/403519612.smil,,True,0,1,山东卫视4K超高清,超高清频道,False,True,False
01010001000000050000000000007513,80,igmp://239.3.1.24:8001,True,,rtsp://61.135.88.136/PLTV/88888892/224/3221226210/406742223.smil,"{'channelLogURL': None, 'positionX': 0, 'positionY': 0, 'interval': 0, 'beginTime': 'null', 'lasting': 'null'}",True,0,1,证券服务,体验频道,False,True,True
01010001000000050000000000003488,349,igmp://239.3.1.25:8001,False,,rtsp://61.135.88.136/PLTV/88888892/224/3221226213/406750667.smil,"{'channelLogURL': None, 'positionX': 0, 'positionY': 0, 'interval': 0, 'beginTime': 'null', 'lasting': 'null'}",True,0,1,重温经典,无分类,False,True,True
00000001000000050000000000000636,406,igmp://239.3.1.27:2000,False,,rtsp://61.135.88.136/PLTV/88888892/224/3221226215/407059592.smil,,True,0,1,广东卫视4K超高清,超高清频道,False,True,True
00000001000000050000000000000638,408,igmp://239.3.1.28:2000,False,,rtsp://61.135.88.136/PLTV/88888892/224/3221226212/407058192.smil,,True,0,1,深圳卫视4K超高清,超高清频道,False,True,True
